{"recon_loss": 0.3065372407436371, "_timestamp": 1672640108.7587593, "_runtime": 13.2784903049469, "_step": 31, "_wandb": {"runtime": 12}}