{"recon_loss": 0.14632058143615723, "_timestamp": 1672639443.4659762, "_runtime": 90.34107518196106, "_step": 454}