{"recon_loss": 0.016825446859002113, "_timestamp": 1672662095.9586654, "_runtime": 21954.663387298584, "_step": 105941, "fid_sample": 452.9117106690543, "fid_recon": 452.3470756194563, "_wandb": {"runtime": 21954}}