{"recon_loss": 0.23145167529582977, "_timestamp": 1672662801.4244146, "_runtime": 14.813716650009155, "_step": 43, "_wandb": {"runtime": 14}}