{"recon_loss": 0.013100286945700645, "_timestamp": 1672732464.6140804, "_runtime": 69525.74257946014, "_step": 163649, "fid_sample": 442.1955318327646, "fid_recon": 442.4928155328863, "fid_sample_actual": 199.76238045267664, "fid_recon_actual": 78.71681300971795}